GCT;-0.06082
GGT;-0.09369
GTC;-0.06396
TTG;-0.0527
GTT;-0.06258
GCC;-0.03799
CCA;-0.02788
ACT;0.01045
TCT;0.04934
TCC;0.02043
ACC;0.0002068
ATC;-0.03371
AAG;-0.101
TAC;-0.002716
TTC;-0.02148
GAA;-0.06154
CGT;-0.03961
CAA;-0.02832
CAC;0.00418
AAC;-0.008626
GAC;-0.03771
ATT;-0.001627
AGA;-0.07397
CCT;0.0505
GGC;-0.008905
TGG;0.02
TGT;0.02258
TTA;0.03787
GAT;0.000442
ATG;0.01438
TTT;0.08305
TGC;0.03094
GCA;0.01353
CAT;0.03144
TAT;0.06346
CCC;0.07815
GGG;0.008439
GTG;0.006284
CGC;-0.00002194
GCG;-0.002919
TCA;0.07781
GAG;-0.01508
GGA;0.03607
TCG;0.04465
CGG;0.02768
CTT;0.05082
AAT;0.08348
CTA;0.02846
CAG;0.01832
CTC;0.02808
ACA;0.02349
AAA;-0.02007
AGC;0.05098
ACG;0.04318
AGT;0.04525
CTG;0.01367
CCG;0.0309
GTA;0.02497
AGG;0.03369
CGA;0.04816
ATA;0.0697
