ATG;0.0201853232087
TTT;0.0238406230245
TTC;0.0159765627883
TTA;0.0266374439467
TTG;0.0264160597049
CTT;0.0115488779509
CTC;0.00535503882834
CTA;0.0130665899201
CTG;0.0104001397181
ATT;0.0286397414232
ATC;0.0158609510175
ATA;0.0185298610445
GTT;0.0206772881906
GTC;0.0105624881621
GTA;0.0117776416675
GTG;0.0101590768769
TCT;0.0228099563873
TCC;0.0137307426457
TCA;0.0191718753459
TCG;0.00856757016036
AGT;0.0148032263064
AGC;0.0101812153011
CCT;0.0137258229959
CCC;0.00676697832648
CCA;0.0181215301095
CCG;0.00551738727237
ACT;0.0191177591979
ACC;0.0116989272704
ACA;0.0176295651276
ACG;0.00781732356291
GCT;0.0195580678567
GCC;0.011681708496
GCA;0.0160626566601
GCG;0.00606838805214
TAT;0.0183084768026
TAC;0.0131895811656
CAT;0.0141833504291
CAC;0.0079427746333
CAA;0.0285708663257
CAG;0.0129042414761
AAT;0.0393596583795
AAC;0.0252304240984
AAA;0.0463012842746
AAG;0.0326517158509
GAT;0.0409831428199
GAC;0.0211151370245
GAA;0.0498458919694
GAG;0.0206699087159
TGT;0.00787881918565
TGC;0.0047351629511
TGG;0.00904969584265
CGT;0.00642014301422
CGC;0.00261725370388
CGA;0.00318055360819
CGG;0.00182027043315
AGA;0.0224655809
AGG;0.00990817473612
GGT;0.0219244194198
GGC;0.00957609837332
GGA;0.0108010911783
GGG;0.0057018741406
