GCT;0.03074
GGT;0.02451
GTC;0.01353
TTG;0.006743
GTT;0.05
GCC;0.01377
CCA;0.0189
ACT;0.03684
TCT;0.03753
TCC;0.01113
ACC;0.03014
ATC;0.03403
AAG;-0.04701
TAC;0.02865
TTC;0.06297
GAA;-0.09658
CGT;-0.01746
CAA;-0.05367
CAC;0.04795
AAC;0.01021
GAC;-0.04614
ATT;0.04117
AGA;-0.0676
CCT;0.0334
GGC;0.02751
TGG;0.03647
TGT;0.06093
TTA;0.0006406
GAT;-0.1015
ATG;0.008061
TTT;0.07022
TGC;0.07266
GCA;-0.03315
CAT;0.03596
TAT;0.04786
CCC;0.007539
GGG;0.01068
GTG;-0.01428
CGC;0.03764
GCG;-0.01747
TCA;0.01567
GAG;-0.08456
GGA;0.02663
TCG;0.003782
CGG;0.03319
CTT;0.05986
AAT;-0.02293
CTA;-0.0296
CAG;-0.05902
CTC;0.05181
ACA;0.005195
AAA;-0.04947
AGC;-0.002774
ACG;-0.02046
AGT;-0.04233
CTG;-0.03757
CCG;0.008191
GTA;-0.003489
AGG;-0.04809
CGA;0.01794
ATA;0.0125
